id,publisher_id,title,data,format,last_modified,period_id,schema
6e2866de-b95a-46e0-95a7-c83ebf64f979,cabinet-office,"Spend over £25,000 in the Cabinet Office / April 2010 return with descriptions ",https://www.gov.uk/government/uploads/system/uploads/attachment_data/file/85792/Spend-Transactions-with-descriptions-CO-04-April-2010.csv_.csv,CSV,2013-06-19T02:28:57.088017,1/4/2010,https://raw.githubusercontent.com/okfn/tabular-validator/master/examples/hmt/spend-publishing-schema.json
a52077d4-6a5d-49b5-a7e8-175cfc58cbda,cabinet-office,"Spend over £25,000 in the Cabinet Office / May 2010 return (up to 12th) with descriptions ",https://www.gov.uk/government/uploads/system/uploads/attachment_data/file/85793/Spend-Transactions-with-descriptions-CO-1-11_May_2010.csv,CSV,2013-06-19T02:28:57.395397,1/5/2010,https://raw.githubusercontent.com/okfn/tabular-validator/master/examples/hmt/spend-publishing-schema.json
ce547a3a-6de6-4e47-9009-9bfe31d5a6c7,cabinet-office,"Spend over £25,000 in the Cabinet Office / May 2010 return (after 12th) with descriptions ",https://www.gov.uk/government/uploads/system/uploads/attachment_data/file/85794/Spend-Transactions-with-descriptions-CO-05-May-2010-after-12th.csv,CSV,2013-06-19T02:28:57.876575,12/5/2010,https://raw.githubusercontent.com/okfn/tabular-validator/master/examples/hmt/spend-publishing-schema.json
a9c06f23-3da5-47f0-8ed7-de1b30ed672f,cabinet-office,"Spend over £25,000 in the Cabinet Office / June 2010 return with descriptions ",https://www.gov.uk/government/uploads/system/uploads/attachment_data/file/85795/Spend-Transactions-with-descriptions-CO-06-Jun-2010.csv,CSV,2013-06-19T02:28:58.273547,1/6/2010,https://raw.githubusercontent.com/okfn/tabular-validator/master/examples/hmt/spend-publishing-schema.json
a4e87de1-4ac9-4202-b1ea-98aca8014037,cabinet-office,"Spend over £25,000 in the Cabinet Office / July 2010 return with descriptions ",https://www.gov.uk/government/uploads/system/uploads/attachment_data/file/85796/Spend-Transactions-with-descriptions-CO-07-Jul-2010.csv,CSV,2013-06-19T02:28:58.670385,1/7/2010,https://raw.githubusercontent.com/okfn/tabular-validator/master/examples/hmt/spend-publishing-schema.json
122957db-ddec-4f49-86a1-358778661c4a,cabinet-office,"Spend over £25,000 in the Cabinet Office / August 2010 return with descriptions ",https://www.gov.uk/government/uploads/system/uploads/attachment_data/file/85797/Spend-Transactions-with-descriptions-CO-08-Aug-2010.csv,CSV,2013-06-19T02:28:59.014887,1/8/2010,https://raw.githubusercontent.com/okfn/tabular-validator/master/examples/hmt/spend-publishing-schema.json
67746f29-55a6-4ef2-9d32-f47075a9517f,cabinet-office,"Spend over £25,000 in the Cabinet Office / September 2010 return with descriptions ",https://www.gov.uk/government/uploads/system/uploads/attachment_data/file/85798/Spend-Transactions-with-descriptions-CO-09-Sep-2010.csv,CSV,2013-06-19T02:28:59.410671,1/9/2010,https://raw.githubusercontent.com/okfn/tabular-validator/master/examples/hmt/spend-publishing-schema.json
319a39e0-8993-4be0-a826-404fb9638ac7,cabinet-office,"Spend over £25,000 in the Cabinet Office / October 2010 return with descriptions ",https://www.gov.uk/government/uploads/system/uploads/attachment_data/file/85799/co-spend-data-oct2010.csv,CSV,2013-06-19T02:28:59.804577,1/10/2010,https://raw.githubusercontent.com/okfn/tabular-validator/master/examples/hmt/spend-publishing-schema.json
fd559e2b-446a-4721-b234-23f7d959f6ca,cabinet-office,"Spend over £25,000 in the Cabinet Office / November 2010 return with descriptions ",https://www.gov.uk/government/uploads/system/uploads/attachment_data/file/85800/co-spend-data-nov2010.csv,CSV,2013-06-19T02:29:00.293783,1/11/2010,https://raw.githubusercontent.com/okfn/tabular-validator/master/examples/hmt/spend-publishing-schema.json
b418f85c-92b6-4682-ba2c-f34a75a0a5bc,cabinet-office,"Spend over £25,000 in the Cabinet Office / December 2010 return with descriptions ",https://www.gov.uk/government/uploads/system/uploads/attachment_data/file/85801/Spend-Transactions-with-descriptions-CO-10-Dec-2010.csv,CSV,2013-06-19T02:29:00.621461,1/12/2010,https://raw.githubusercontent.com/okfn/tabular-validator/master/examples/hmt/spend-publishing-schema.json
2b39cf80-dd3e-4787-bc72-4f23885c227f,cabinet-office,"Spend over £25,000 in the Cabinet Office / January 2011 return with descriptions ",https://www.gov.uk/government/uploads/system/uploads/attachment_data/file/85802/spend-transactions-with-descriptions-co-jan-2011.csv,CSV,2013-06-19T02:29:01.140173,1/1/2011,https://raw.githubusercontent.com/okfn/tabular-validator/master/examples/hmt/spend-publishing-schema.json
8a707560-f1f0-4737-a2d4-243835cae7b8,cabinet-office,"Spend over £25,000 in the Cabinet Office / February 2011 return with descriptions ",https://www.gov.uk/government/uploads/system/uploads/attachment_data/file/85803/spend-transactions-with-descriptions-co-feb-2011.csv,CSV,2013-06-19T02:29:01.656729,1/2/2011,https://raw.githubusercontent.com/okfn/tabular-validator/master/examples/hmt/spend-publishing-schema.json
fe1dd9b8-2937-452a-ae17-77694296c702,cabinet-office,"Spend over £25,000 in the Cabinet Office / April 2011 return with descriptions ",https://www.gov.uk/government/uploads/system/uploads/attachment_data/file/85805/spend-transactions-with-descriptions-co-april-2011.csv,CSV,2013-06-19T02:29:02.279748,1/4/2011,https://raw.githubusercontent.com/okfn/tabular-validator/master/examples/hmt/spend-publishing-schema.json
1cdaea6e-9dc9-4943-af26-0d59a5405b4f,cabinet-office,"Spend over £25,000 in the Cabinet Office / May 2011 return with descriptions ",https://www.gov.uk/government/uploads/system/uploads/attachment_data/file/85806/spend-transactions-with-descriptions-co-may-2011.csv,CSV,2013-06-19T02:29:02.781605,1/5/2011,https://raw.githubusercontent.com/okfn/tabular-validator/master/examples/hmt/spend-publishing-schema.json
56ac8afb-57c7-447e-8438-e3616778aefd,cabinet-office,"Spend over £25,000 in the Cabinet Office / June 2011 return with descriptions ",https://www.gov.uk/government/uploads/system/uploads/attachment_data/file/85807/spend-transactions-with-descriptions-co-june-2011.csv,CSV,2013-06-19T02:29:03.045731,1/6/2011,https://raw.githubusercontent.com/okfn/tabular-validator/master/examples/hmt/spend-publishing-schema.json
13ed87ac-995f-4fdd-8140-fe5b226fed87,cabinet-office,"Spend over £25,000 in the Cabinet Office / July 2011 return with descriptions ",https://www.gov.uk/government/uploads/system/uploads/attachment_data/file/85808/Annex-B-CO-July-Transparency-data.csv,CSV,2013-06-19T02:29:03.477436,1/7/2011,https://raw.githubusercontent.com/okfn/tabular-validator/master/examples/hmt/spend-publishing-schema.json
47bbd1d9-7a57-4485-a56f-9696edee0621,cabinet-office,"Spend over £25,000 in the Cabinet Office / August 2011 return with descriptions ",https://www.gov.uk/government/uploads/system/uploads/attachment_data/file/85809/spend-transactions-with-descriptions-co-august.csv,CSV,2013-06-19T02:29:03.911330,1/8/2011,https://raw.githubusercontent.com/okfn/tabular-validator/master/examples/hmt/spend-publishing-schema.json
bc779cdf-6296-43a3-8902-dff516fc36d9,cabinet-office,"Spend over £25,000 in the Cabinet Office / September 2011 return with descriptions ",https://www.gov.uk/government/uploads/system/uploads/attachment_data/file/85810/Annex-B-CO-Complete-September-2011.csv,CSV,2013-06-19T02:29:04.343917,1/9/2011,https://raw.githubusercontent.com/okfn/tabular-validator/master/examples/hmt/spend-publishing-schema.json
60b0dfac-1633-4f9f-b67e-0a46a5951e31,cabinet-office,"Spend over £25,000 in the Cabinet Office / October 2011 return with descriptions ",https://www.gov.uk/government/uploads/system/uploads/attachment_data/file/85811/CO-Complete-October-2011.csv,CSV,2013-06-19T02:29:04.670714,1/10/2011,https://raw.githubusercontent.com/okfn/tabular-validator/master/examples/hmt/spend-publishing-schema.json
bdd20336-105b-431f-940f-5da031268883,cabinet-office,"Spend over £25,000 in the Cabinet Office / November 2011 return with descriptions ",https://www.gov.uk/government/uploads/system/uploads/attachment_data/file/85812/CO-Complete-November-2011.csv,CSV,2013-06-19T02:29:05.081694,1/11/2011,https://raw.githubusercontent.com/okfn/tabular-validator/master/examples/hmt/spend-publishing-schema.json
fc78ebf3-be65-4748-99c5-79fbb4ca2347,cabinet-office,"Spend over £25,000 in the Cabinet Office / December 2011 return with descriptions ",https://www.gov.uk/government/uploads/system/uploads/attachment_data/file/85813/CO-Complete-December-2011.csv,CSV,2013-06-19T02:29:05.485048,1/12/2011,https://raw.githubusercontent.com/okfn/tabular-validator/master/examples/hmt/spend-publishing-schema.json
2ea9f19a-8b03-4cd5-9f27-ee62eb90bf9d,cabinet-office,"Spend over £25,000 in the Cabinet Office / February 2012 return with descriptions ",https://www.gov.uk/government/uploads/system/uploads/attachment_data/file/85816/CO-February-2012-expenditure-over-25k.csv,CSV,2013-06-19T02:29:06.286158,1/2/2012,https://raw.githubusercontent.com/okfn/tabular-validator/master/examples/hmt/spend-publishing-schema.json
7791ad67-9cf7-461f-8f70-514cfd6e3993,cabinet-office,"Spend over £25,000 in the Cabinet Office / March 2012 return with descriptions ",https://www.gov.uk/government/uploads/system/uploads/attachment_data/file/85818/CO-March-2012-expenditure-over-25k.csv,CSV,2013-06-19T02:29:06.690011,1/3/2012,https://raw.githubusercontent.com/okfn/tabular-validator/master/examples/hmt/spend-publishing-schema.json
91cb522d-79e0-4e23-b9e5-e79ab39a762f,cabinet-office,"Spend over £25,000 in the Cabinet Office / April 2012 return with descriptions ",https://www.gov.uk/government/uploads/system/uploads/attachment_data/file/85820/CO-Transparency-data-April-2012.csv,CSV,2013-06-19T02:29:07.216100,1/4/2012,https://raw.githubusercontent.com/okfn/tabular-validator/master/examples/hmt/spend-publishing-schema.json
c9b17320-4c15-4b70-ad68-fb415ae8f38c,cabinet-office,"Spend over £25,000 in the Cabinet Office / June 2012 return with descriptions",https://www.gov.uk/government/uploads/system/uploads/attachment_data/file/85824/CO-Transparency-data-June-2012.csv,CSV,2013-06-19T02:29:08.030109,1/6/2012,https://raw.githubusercontent.com/okfn/tabular-validator/master/examples/hmt/spend-publishing-schema.json
5fc02b90-b4e9-4e8d-b0f9-9cb294f6dd5a,cabinet-office,"Spend over £25,000 in the Cabinet Office / July 2012 return with descriptions",https://www.gov.uk/government/uploads/system/uploads/attachment_data/file/85825/CO-Transparency-data-July-2012.csv,CSV,2013-06-19T02:29:08.438034,1/7/2012,https://raw.githubusercontent.com/okfn/tabular-validator/master/examples/hmt/spend-publishing-schema.json
9236ce0f-44c3-45a7-932c-4569b496e22c,cabinet-office,"Spend over £25,000 in the Cabinet Office / August 2012 return with descriptions",https://www.gov.uk/government/uploads/system/uploads/attachment_data/file/85826/CO-Transparency-data-August-2012.csv,CSV,2013-06-19T02:29:08.727461,1/8/2012,https://raw.githubusercontent.com/okfn/tabular-validator/master/examples/hmt/spend-publishing-schema.json
b42866cc-bfab-4a7e-bd86-b686d38b7f01,cabinet-office,"Spend over £25,000 in the Cabinet Office / September 2012 return with descriptions",https://www.gov.uk/government/uploads/system/uploads/attachment_data/file/85827/CO-Transparency-data-September-2012.csv,CSV,2013-06-19T02:29:09.135206,1/9/2012,https://raw.githubusercontent.com/okfn/tabular-validator/master/examples/hmt/spend-publishing-schema.json
f34fd6eb-3f8c-4d06-9ffa-5644ce787b59,cabinet-office,"Spend over £25,000 in the Cabinet Office / October 2012 return with descriptions",https://www.gov.uk/government/uploads/system/uploads/attachment_data/file/136100/October_2012__25k_Transparency_Data.csv,CSV,2013-06-19T02:29:09.497390,1/10/2012,https://raw.githubusercontent.com/okfn/tabular-validator/master/examples/hmt/spend-publishing-schema.json
6a131dde-78b4-4411-9659-1ddf06be1b5a,cabinet-office,"Spend over £25,000 in the Cabinet Office / December 2012 return with descriptions",https://www.gov.uk/government/uploads/system/uploads/attachment_data/file/211025/December_2012_Transparency_Data.csv,CSV,2013-07-09T15:11:32.845920,1/12/2012,https://raw.githubusercontent.com/okfn/tabular-validator/master/examples/hmt/spend-publishing-schema.json
c4f7a880-92c3-47df-94ae-2a3f41bffdd3,cabinet-office,"Spend over £25,000 in the Cabinet Office / January 2013 return with descriptions",https://www.gov.uk/government/uploads/system/uploads/attachment_data/file/136103/January_2013__25k_Transparency_Data.csv,CSV,2013-06-19T02:29:10.632505,1/1/2013,https://raw.githubusercontent.com/okfn/tabular-validator/master/examples/hmt/spend-publishing-schema.json
eed9cb47-80fc-479b-83b5-68bb97e16871,cabinet-office,"Spend over £25,000 in the Cabinet Office / February 2013 return with descriptions",https://www.gov.uk/government/uploads/system/uploads/attachment_data/file/198067/February_2013__25k_transparency_data.csv,CSV,2013-06-19T02:29:10.949034,1/2/2013,https://raw.githubusercontent.com/okfn/tabular-validator/master/examples/hmt/spend-publishing-schema.json
fec3fb55-d04e-4230-b168-b178e24ca5ed,cabinet-office,"Spend over £25,000 in the Cabinet Office / March 2013 return with descriptions",https://www.gov.uk/government/uploads/system/uploads/attachment_data/file/198518/March_2013__25k_transparency_data.csv,CSV,2013-06-19T02:29:11.319583,1/3/2013,https://raw.githubusercontent.com/okfn/tabular-validator/master/examples/hmt/spend-publishing-schema.json
29d0dece-af39-4b89-8862-a42c859c2715,cabinet-office,"Spend over £25,000 in the Cabinet Office / April 2013 return with descriptions",https://www.gov.uk/government/uploads/system/uploads/attachment_data/file/210983/April-2013-25k-Transparency-Data.csv,CSV,2013-07-12T23:51:44.280034,1/4/2013,https://raw.githubusercontent.com/okfn/tabular-validator/master/examples/hmt/spend-publishing-schema.json
a14a6c45-a2fc-40ae-a9cb-55aae8a8c1d7,cabinet-office,"Spend over £25,000 in the Cabinet Office / June 2013 return with descriptions",https://www.gov.uk/government/uploads/system/uploads/attachment_data/file/226005/June_2013__25k_Transparency_Data.csv,CSV,2013-08-01T10:42:19.981437,1/6/2013,https://raw.githubusercontent.com/okfn/tabular-validator/master/examples/hmt/spend-publishing-schema.json
58547c09-653f-4abd-8c45-f966c932a6ab,cabinet-office,"Spend over £25,000 in the Cabinet Office / July 2013 return with descriptions",https://www.gov.uk/government/uploads/system/uploads/attachment_data/file/252892/July_2013__25k_Transparency_Data.csv,CSV,2013-11-27T16:27:07.442042,1/7/2013,https://raw.githubusercontent.com/okfn/tabular-validator/master/examples/hmt/spend-publishing-schema.json
e9ee59d8-7598-4239-b233-404427a3a974,cabinet-office,"Spend over £25,000 in the Cabinet Office / August 2013 return with descriptions",https://www.gov.uk/government/uploads/system/uploads/attachment_data/file/263521/August__25k_Transparency_Data.csv,CSV,2013-12-05T16:29:46.153760,1/8/2013,https://raw.githubusercontent.com/okfn/tabular-validator/master/examples/hmt/spend-publishing-schema.json
38dfe05f-c3a2-4e9d-a9e1-1ba5de8086f4,cabinet-office,"Spend over £25,000 in the Cabinet Office / September 2013 return with descriptions",https://www.gov.uk/government/uploads/system/uploads/attachment_data/file/269100/September-2013-25k-Transparency-Data.csv,CSV,2014-01-06T11:47:57.082066,1/9/2013,https://raw.githubusercontent.com/okfn/tabular-validator/master/examples/hmt/spend-publishing-schema.json
ffe52151-8888-4035-9c82-ec5d33ac1eb0,cabinet-office,"Spend over £25,000 in the Cabinet Office / December 2013 return with descriptions",https://www.gov.uk/government/uploads/system/uploads/attachment_data/file/299476/December_2013__25k_Transparency_Data.csv,CSV,2014-03-31T15:40:59.254845,1/12/2013,https://raw.githubusercontent.com/okfn/tabular-validator/master/examples/hmt/spend-publishing-schema.json
9fa0d87c-df96-4245-9ce4-c014fcbc2fad,cabinet-office,"Spend over £25,000 in the Cabinet Office / January 2014 return with descriptions",https://www.gov.uk/government/uploads/system/uploads/attachment_data/file/307659/January_2014_25k_transparency_data.csv,CSV,2014-05-01T10:18:27.667953,1/1/2014,https://raw.githubusercontent.com/okfn/tabular-validator/master/examples/hmt/spend-publishing-schema.json
62818a5b-ee53-4bb5-894f-e2334e18566d,cabinet-office,"Spend over £25,000 in the Cabinet Office / February 2014 return with descriptions",https://www.gov.uk/government/uploads/system/uploads/attachment_data/file/307660/February_2014_25k_transparency_data.csv,CSV,2014-05-01T10:18:30.118380,1/2/2014,https://raw.githubusercontent.com/okfn/tabular-validator/master/examples/hmt/spend-publishing-schema.json
d666b392-de89-4c16-be6a-d3252c97d818,cabinet-office,"Spend over £25,000 in the Cabinet Office / January 2012 return with descriptions",https://www.gov.uk/government/uploads/system/uploads/attachment_data/file/85814/Transparency-data-Jan-2012.csv,CSV,,1/1/2012,https://raw.githubusercontent.com/okfn/tabular-validator/master/examples/hmt/spend-publishing-schema.json
da269032-aa9f-4c71-a0eb-51e2a377ea6c,cabinet-office,"Spend over £25,000 in the Cabinet Office / May 2012 return with descriptions",https://www.gov.uk/government/uploads/system/uploads/attachment_data/file/85822/CO-Transparency-data-May-2012.csv,CSV,,1/5/2012,https://raw.githubusercontent.com/okfn/tabular-validator/master/examples/hmt/spend-publishing-schema.json
19d6cce5-4110-4351-8171-28587fda746e,cabinet-office,"Spend over £25,000 in the Cabinet Office / March 2014 return with descriptions",https://www.gov.uk/government/uploads/system/uploads/attachment_data/file/324568/March_2014__25k_Transparency_Data.csv,CSV,,1/3/2014,https://raw.githubusercontent.com/okfn/tabular-validator/master/examples/hmt/spend-publishing-schema.json
dbabea77-1585-41c0-a371-4c39002105bb,cabinet-office,"Spend over £25,000 in the Cabinet Office / April 2014 return with descriptions",https://www.gov.uk/government/uploads/system/uploads/attachment_data/file/324569/April_2014__25k_Transparency_Data.csv,CSV,,1/4/2014,https://raw.githubusercontent.com/okfn/tabular-validator/master/examples/hmt/spend-publishing-schema.json
cbcc09ce-2796-43f1-935a-8d6b3b562ea6,cabinet-office,"Spend over £25,000 in the Cabinet Office / May 2014 return with descriptions",https://www.gov.uk/government/uploads/system/uploads/attachment_data/file/381024/May_2014_spend_of__25K_and_above.csv,CSV,,1/5/2014,https://raw.githubusercontent.com/okfn/tabular-validator/master/examples/hmt/spend-publishing-schema.json
3e33b8b3-d661-4815-ac6c-d98273ef9aae,cabinet-office,"Spend over £25,000 in the Cabinet Office / June 2014 return with descriptions",https://www.gov.uk/government/uploads/system/uploads/attachment_data/file/381025/June_2014_spend_of_25K_and_above.csv,CSV,,1/6/2014,https://raw.githubusercontent.com/okfn/tabular-validator/master/examples/hmt/spend-publishing-schema.json
97c292c0-ca13-43d7-bb12-fd7a46276f7d,cabinet-office,"Spend over £25,000 in the Cabinet Office / July 2014 return with descriptions",https://www.gov.uk/government/uploads/system/uploads/attachment_data/file/381673/July_2014_spend_of_25K_and_above.csv,CSV,,1/7/2014,https://raw.githubusercontent.com/okfn/tabular-validator/master/examples/hmt/spend-publishing-schema.json
98c51d6e-341a-4ce2-b5b0-67bc6d4b336f,cabinet-office,Cabinet Office GPC Expenditure / GPC expenditure over £500 April to June 2011 - in CSV Format,https://www.gov.uk/government/uploads/system/uploads/attachment_data/file/85776/gpc-transaction-data-april-june-2011.csv,CSV,2014-03-14T23:01:03.252872,,https://raw.githubusercontent.com/okfn/tabular-validator/master/examples/hmt/spend-publishing-schema.json
12af7c8a-3f5b-4009-bf73-fa6a4d8b88e1,cabinet-office,Cabinet Office GPC Expenditure / GPC expenditure over £500  November 2011,https://www.gov.uk/government/uploads/system/uploads/attachment_data/file/85781/GPCTransparencyData-November2011.csv,CSV,2014-03-07T22:52:08.704058,,https://raw.githubusercontent.com/okfn/tabular-validator/master/examples/hmt/spend-publishing-schema.json
819e2d77-a47e-42c0-8641-c67488a2b210,cabinet-office,Cabinet Office GPC Expenditure / GPC expenditure over £500 December 2011,https://www.gov.uk/government/uploads/system/uploads/attachment_data/file/85782/GPCTransparencyData-December2011.csv,CSV,2014-03-21T22:58:31.903072,,https://raw.githubusercontent.com/okfn/tabular-validator/master/examples/hmt/spend-publishing-schema.json
5b0d66a5-14b0-4437-9f58-9de4a7ebbe7d,cabinet-office,Cabinet Office GPC Expenditure / GPC expenditure over £500 January 2012,https://www.gov.uk/government/uploads/system/uploads/attachment_data/file/85783/GPC-Transparency-Data-Jan-2012.csv,CSV,2014-03-07T22:52:10.326471,,https://raw.githubusercontent.com/okfn/tabular-validator/master/examples/hmt/spend-publishing-schema.json
54d45537-b553-4ecf-b1b4-70f61d9a15eb,cabinet-office,Cabinet Office GPC Expenditure / GPC expenditure over £500 February 2012,https://www.gov.uk/government/uploads/system/uploads/attachment_data/file/85784/CO-February-2012-GPC-expenditure-over-500.csv,CSV,2014-03-14T23:01:07.049216,,https://raw.githubusercontent.com/okfn/tabular-validator/master/examples/hmt/spend-publishing-schema.json
f4e816d2-612f-46f2-9992-c9eefbc33b70,cabinet-office,Cabinet Office GPC Expenditure / GPC expenditure over £500 March 2012,https://www.gov.uk/government/uploads/system/uploads/attachment_data/file/85785/CO-March-2012-GPC-expenditure-over-500.csv,CSV,2014-03-07T22:52:11.600033,,https://raw.githubusercontent.com/okfn/tabular-validator/master/examples/hmt/spend-publishing-schema.json
ef4fe3dd-f716-4a7e-bfac-72722d0d372d,cabinet-office,Cabinet Office GPC Expenditure / GPC expenditure over £500 April 2012,https://www.gov.uk/government/uploads/system/uploads/attachment_data/file/85786/GPC-Transparency-Data-April_2012.csv,CSV,2014-03-21T22:58:33.116304,,https://raw.githubusercontent.com/okfn/tabular-validator/master/examples/hmt/spend-publishing-schema.json
c69f9736-1485-4cfe-a3e0-9cfdfe870e46,cabinet-office,Cabinet Office GPC Expenditure / GPC expenditure over £500 May 2012,https://www.gov.uk/government/uploads/system/uploads/attachment_data/file/85787/GPC-Transparency-Data-May-2012.csv,CSV,2014-03-07T22:52:12.976757,,https://raw.githubusercontent.com/okfn/tabular-validator/master/examples/hmt/spend-publishing-schema.json
a0ac4379-0871-41bf-9b7d-b41234933f05,cabinet-office,Cabinet Office GPC Expenditure / GPC expenditure over £500 June 2012,https://www.gov.uk/government/uploads/system/uploads/attachment_data/file/85788/GPC_Transparency_Data-June-2012.csv,CSV,2014-03-07T22:52:15.679101,,https://raw.githubusercontent.com/okfn/tabular-validator/master/examples/hmt/spend-publishing-schema.json
e5415640-5508-4432-99cf-c3313c6bb3df,cabinet-office,Cabinet Office GPC Expenditure / GPC expenditure over £500 July 2012,https://www.gov.uk/government/uploads/system/uploads/attachment_data/file/85789/GPC_Transparency_Data-July-2012.csv,CSV,2014-03-14T23:01:09.082373,,https://raw.githubusercontent.com/okfn/tabular-validator/master/examples/hmt/spend-publishing-schema.json
d968b68c-7178-428b-aaa8-4fdb1dcd8c5d,cabinet-office,Cabinet Office GPC Expenditure / GPC expenditure over £500 August 2012,https://www.gov.uk/government/uploads/system/uploads/attachment_data/file/85790/GPC_Transparency_Data-August-2012.csv,CSV,2014-03-07T22:52:18.145482,,https://raw.githubusercontent.com/okfn/tabular-validator/master/examples/hmt/spend-publishing-schema.json
b9bdafcf-de13-46f6-9d04-3ef40b5d7d43,cabinet-office,Cabinet Office GPC Expenditure / GPC expenditure over £500 September 2012,https://www.gov.uk/government/uploads/system/uploads/attachment_data/file/85791/GPC_Transparency_Data-September-2012.csv,CSV,2014-03-07T22:52:17.195034,,https://raw.githubusercontent.com/okfn/tabular-validator/master/examples/hmt/spend-publishing-schema.json
89909f0a-9a75-4e16-96cf-103138f2d885,cabinet-office,Cabinet Office GPC Expenditure / GPC expenditure over £500 October 2012,https://www.gov.uk/government/uploads/system/uploads/attachment_data/file/136107/October_2012_GPC_Transparency_Data.csv,CSV,2013-06-19T01:00:23.571443,,https://raw.githubusercontent.com/okfn/tabular-validator/master/examples/hmt/spend-publishing-schema.json
fae16d05-acc0-4de7-9398-219d523e60c5,cabinet-office,Cabinet Office GPC Expenditure / GPC expenditure over £500 November 2012,https://www.gov.uk/government/uploads/system/uploads/attachment_data/file/136108/November_2012_GPC_Transparency_Data.csv,CSV,2013-06-19T01:00:23.414977,,https://raw.githubusercontent.com/okfn/tabular-validator/master/examples/hmt/spend-publishing-schema.json
caaf6631-7ecf-464f-a1ce-5436f123caa3,cabinet-office,Cabinet Office GPC Expenditure / GPC expenditure over £500 December 2012,https://www.gov.uk/government/uploads/system/uploads/attachment_data/file/136109/December_2012_GPC_Transparency_Data.csv,CSV,2013-06-19T01:00:23.581699,,https://raw.githubusercontent.com/okfn/tabular-validator/master/examples/hmt/spend-publishing-schema.json
de023b34-b229-4392-9aec-93cbd424da31,cabinet-office,Cabinet Office GPC Expenditure / GPC expenditure over £500 January 2013,https://www.gov.uk/government/uploads/system/uploads/attachment_data/file/136110/January_2013_GPC_Transparency_Data.csv,CSV,2013-06-19T01:00:24.545591,,https://raw.githubusercontent.com/okfn/tabular-validator/master/examples/hmt/spend-publishing-schema.json
fc64ad0e-7bf5-4ba5-85a5-db10b4fa585a,cabinet-office,Cabinet Office GPC Expenditure / GPC expenditure over £500 February 2013,https://www.gov.uk/government/uploads/system/uploads/attachment_data/file/198073/GPC_transparency_data_Feb-2013.csv,CSV,2013-06-19T01:00:24.755205,,https://raw.githubusercontent.com/okfn/tabular-validator/master/examples/hmt/spend-publishing-schema.json
e8093372-57ef-4551-ad4a-888b0ae5252f,cabinet-office,Cabinet Office GPC Expenditure / GPC expenditure over £500 March 2013,https://www.gov.uk/government/uploads/system/uploads/attachment_data/file/198068/March_2013__25k_transparency_data.csv,CSV,2013-06-19T01:00:24.902847,,https://raw.githubusercontent.com/okfn/tabular-validator/master/examples/hmt/spend-publishing-schema.json
48087578-eb8d-49f5-a8c3-52a78a435904,cabinet-office,Cabinet Office GPC Expenditure / GPC expenditure over £500 April 2013,https://www.gov.uk/government/uploads/system/uploads/attachment_data/file/210981/GPC-Transparency-Data-April-2013.csv,CSV,2013-07-09T15:17:54.216118,,https://raw.githubusercontent.com/okfn/tabular-validator/master/examples/hmt/spend-publishing-schema.json
24590bce-f0b8-4899-8ff5-66f2c861cf7e,cabinet-office,Cabinet Office GPC Expenditure / GPC expenditure over £500 May 2013,https://www.gov.uk/government/uploads/system/uploads/attachment_data/file/210982/May-2013-GPC-Transparency-Data.csv,CSV,2013-07-09T15:17:56.407982,,https://raw.githubusercontent.com/okfn/tabular-validator/master/examples/hmt/spend-publishing-schema.json
46b3b3a4-443b-4f05-aeff-425a647580ad,cabinet-office,Cabinet Office GPC Expenditure / GPC expenditure over £500 June 2013,https://www.gov.uk/government/uploads/system/uploads/attachment_data/file/226002/June_2013_GPC_Transparency_Data.csv,CSV,2013-08-01T11:01:36.539598,,https://raw.githubusercontent.com/okfn/tabular-validator/master/examples/hmt/spend-publishing-schema.json
c81a8f5b-dfe0-461c-b6ad-b15ccb561f4d,cabinet-office,Cabinet Office GPC Expenditure / GPC expenditure over £500 July 2013,https://www.gov.uk/government/uploads/system/uploads/attachment_data/file/252886/July_2013_GPC_Transparency_Data.csv,CSV,2013-11-27T16:23:31.397701,,https://raw.githubusercontent.com/okfn/tabular-validator/master/examples/hmt/spend-publishing-schema.json
4bcc6248-7d9a-49d8-8eda-1d5eaf56ae3f,cabinet-office,Cabinet Office GPC Expenditure / GPC expenditure over £500 August 2013,https://www.gov.uk/government/uploads/system/uploads/attachment_data/file/263520/August_GPC_Transparency_Data.csv,CSV,2013-12-05T16:37:44.419608,,https://raw.githubusercontent.com/okfn/tabular-validator/master/examples/hmt/spend-publishing-schema.json
7b5eb9de-8781-4ca9-970d-e82b39e5e47c,cabinet-office,Cabinet Office GPC Expenditure / GPC expenditure over £500 September 2013,https://www.gov.uk/government/uploads/system/uploads/attachment_data/file/269101/September-2013-GPC-Transparency-Data.csv,CSV,2014-01-06T11:44:30.606554,,https://raw.githubusercontent.com/okfn/tabular-validator/master/examples/hmt/spend-publishing-schema.json
cfffd80d-747f-4850-bfd0-0780169eba56,cabinet-office,Cabinet Office GPC Expenditure / GPC expenditure over £500 December 2013,https://www.gov.uk/government/uploads/system/uploads/attachment_data/file/299480/December_2013_GPC_Transparency_Data.csv,CSV,2014-03-31T15:46:34.118943,,https://raw.githubusercontent.com/okfn/tabular-validator/master/examples/hmt/spend-publishing-schema.json
821f5006-e42a-480c-b011-acf0293fabea,cabinet-office,Cabinet Office GPC Expenditure / GPC expenditure over £500 January 2014,https://www.gov.uk/government/uploads/system/uploads/attachment_data/file/307654/January_2014_GPC_transparency_data.csv,CSV,2014-05-01T10:25:06.345856,,https://raw.githubusercontent.com/okfn/tabular-validator/master/examples/hmt/spend-publishing-schema.json
a1c3fb72-7fad-4287-8350-3c026f3deb56,cabinet-office,Cabinet Office GPC Expenditure / GPC expenditure over £500 February 2014,https://www.gov.uk/government/uploads/system/uploads/attachment_data/file/307657/February_2014_GPC_transparency_data.csv,CSV,2014-05-01T10:25:08.436617,,https://raw.githubusercontent.com/okfn/tabular-validator/master/examples/hmt/spend-publishing-schema.json
2e1164e5-3c9f-42fa-aed9-001c9e5f21e2,cabinet-office,Cabinet Office GPC Expenditure / GPC expenditure over £500 March 2014,https://www.gov.uk/government/uploads/system/uploads/attachment_data/file/324570/March_2014_GPC_Transparency_Data.csv,CSV,,,https://raw.githubusercontent.com/okfn/tabular-validator/master/examples/hmt/spend-publishing-schema.json
6bdab660-37da-4921-897d-7c9f44d38fce,cabinet-office,Cabinet Office GPC Expenditure / GPC expenditure over £500 April 2014,https://www.gov.uk/government/uploads/system/uploads/attachment_data/file/324571/April_2014_GPC_Transparency_Data.csv,CSV,,,https://raw.githubusercontent.com/okfn/tabular-validator/master/examples/hmt/spend-publishing-schema.json
a926fc43-6c9f-4176-8d8b-5b1ddc526101,cabinet-office,Cabinet Office GPC Expenditure / GPC expenditure over £500 May 2014,https://www.gov.uk/government/uploads/system/uploads/attachment_data/file/381001/May_2014_GPC_spend_of__500_or_above.csv,CSV,,,https://raw.githubusercontent.com/okfn/tabular-validator/master/examples/hmt/spend-publishing-schema.json
0755f67e-9adf-4cf9-9c30-34bcfdfa1ee8,cabinet-office,Cabinet Office GPC Expenditure / GPC expenditure over £500 June 2014,https://www.gov.uk/government/uploads/system/uploads/attachment_data/file/381003/June_2014_GPC_spend_of__500_and_above.csv,CSV,,,https://raw.githubusercontent.com/okfn/tabular-validator/master/examples/hmt/spend-publishing-schema.json
b787d89c-a57b-41e6-97ce-bda4e2105130,cabinet-office,Cabinet Office GPC Expenditure / GPC expenditure over £500 July 2014,https://www.gov.uk/government/uploads/system/uploads/attachment_data/file/381004/July_2014_GPC_spend_of__500_and_above.csv,CSV,,,https://raw.githubusercontent.com/okfn/tabular-validator/master/examples/hmt/spend-publishing-schema.json
a6f316f0-878c-4489-942d-5aa456931f97,department-for-business-innovation-and-skills,"Spend over £500 in the Department for Business, Innovation and Skills / October 2010 return",http://webarchive.nationalarchives.gov.uk/+/http://www.bis.gov.uk/assets/biscore/data/spending-data-oct-2010.csv,CSV,2013-06-19T02:25:38.043078,,https://raw.githubusercontent.com/okfn/tabular-validator/master/examples/hmt/spend-publishing-schema.json
be535790-f6b1-4f07-82a9-57886ff15a55,department-for-business-innovation-and-skills,"Spend over £500 in the Department for Business, Innovation and Skills / November 2010 return",http://webarchive.nationalarchives.gov.uk/+/http://www.bis.gov.uk/assets/biscore/data/spending-data-nov-2010.csv,CSV,2013-06-19T02:25:38.680303,,https://raw.githubusercontent.com/okfn/tabular-validator/master/examples/hmt/spend-publishing-schema.json
d9c6f3dc-b1bc-4d68-bd1a-8bc8f966d215,department-for-business-innovation-and-skills,"Spend over £500 in the Department for Business, Innovation and Skills / December 2010 return",http://webarchive.nationalarchives.gov.uk/+/http://www.bis.gov.uk/assets/biscore/data/spending-data-dec-2010.csv,CSV,2013-06-19T02:25:38.509890,,https://raw.githubusercontent.com/okfn/tabular-validator/master/examples/hmt/spend-publishing-schema.json
a9222801-59c0-4a7f-a634-8a7e4bc3ff32,department-for-business-innovation-and-skills,BIS Government Procurement Card spend - transactions over £500 / BIS GPC spend over £500 - Quarter 1 April - June 2011,http://webarchive.nationalarchives.gov.uk/+/http://www.bis.gov.uk/assets/biscore/data/gpc-spend-data-apr-jun-2011.csv,CSV,2013-06-19T00:53:54.340135,,https://raw.githubusercontent.com/okfn/tabular-validator/master/examples/hmt/spend-publishing-schema.json
9eae076b-8816-4b71-bca1-4ea4a40139bc,department-for-business-innovation-and-skills,BIS Government Procurement Card spend - transactions over £500 / BIS GPC spend over £500 - Quarter 2 July - September 2011,http://webarchive.nationalarchives.gov.uk/+/http://www.bis.gov.uk/assets/biscore/data/gpc-spend-data-jul-sep-2011.csv,CSV,2013-06-19T00:53:54.389573,,https://raw.githubusercontent.com/okfn/tabular-validator/master/examples/hmt/spend-publishing-schema.json
ff5c3479-9349-4e90-890f-558e736986e1,department-for-business-innovation-and-skills,BIS Government Procurement Card spend - transactions over £500 / BIS GPC spend over £500 - Quarter 3 October - December 2011,http://webarchive.nationalarchives.gov.uk/+/http://www.bis.gov.uk/assets/biscore/data/gpc-spend-data-oct-dec-2011.csv,CSV,2013-06-19T00:53:55.218977,,https://raw.githubusercontent.com/okfn/tabular-validator/master/examples/hmt/spend-publishing-schema.json
e4120d68-f61f-4eb3-a7f7-d251290979d8,department-for-business-innovation-and-skills,BIS Government Procurement Card spend - transactions over £500 / BIS GPC spend over £500 - Quarter 4 January - March 2012,http://webarchive.nationalarchives.gov.uk/+/http://www.bis.gov.uk/assets/biscore/data/gpc-spend-data-jan-mar-2012.csv,CSV,2013-06-19T00:53:55.317166,,https://raw.githubusercontent.com/okfn/tabular-validator/master/examples/hmt/spend-publishing-schema.json
5431b591-8695-4163-9c19-5b54d4437b56,department-for-business-innovation-and-skills,BIS Government Procurement Card spend - transactions over £500 / BIS GPC spend over £500 - Quarter 1 April - June 2012,http://webarchive.nationalarchives.gov.uk/+/http://www.bis.gov.uk/assets/biscore/data/gpc-spend-data-apr-jun-2012.csv,CSV,2013-06-19T00:53:56.009394,,https://raw.githubusercontent.com/okfn/tabular-validator/master/examples/hmt/spend-publishing-schema.json
b37175fa-916f-4c8e-aa3b-582246c8b20b,department-for-business-innovation-and-skills,BIS Government Procurement Card spend - transactions over £500 / BIS GPC spend over £500 - July 2012,http://webarchive.nationalarchives.gov.uk/+/http://www.bis.gov.uk/assets/biscore/data/gpc-spend-data-jul-2012.csv,CSV,2013-06-19T00:53:55.510472,,https://raw.githubusercontent.com/okfn/tabular-validator/master/examples/hmt/spend-publishing-schema.json
12f2fe74-7f71-4a39-a6e1-5cc3490fc624,department-for-business-innovation-and-skills,BIS Government Procurement Card spend - transactions over £500 / BIS GPC spend over £500 - August 2012,http://webarchive.nationalarchives.gov.uk/+/http://www.bis.gov.uk/assets/biscore/data/gpc-spend-data-aug-2012.csv,CSV,2013-06-19T00:53:56.460208,,https://raw.githubusercontent.com/okfn/tabular-validator/master/examples/hmt/spend-publishing-schema.json
34dc27a8-b05f-4480-bd1a-7cfecf214c03,department-for-business-innovation-and-skills,BIS Government Procurement Card spend - transactions over £500 / BIS GPC spend over £500 - December 2012,https://www.gov.uk/government/uploads/system/uploads/attachment_data/file/137842/BIS_government_procurement_card_spend_over__500_for_December_2012.csv,CSV,2013-06-19T00:53:57.420616,,https://raw.githubusercontent.com/okfn/tabular-validator/master/examples/hmt/spend-publishing-schema.json
269a7c3b-9c4a-4a0f-b2cd-94338d282e7c,department-for-business-innovation-and-skills,BIS Government Procurement Card spend - transactions over £500 / BIS GPC spend over £500 - January 2013,https://www.gov.uk/government/uploads/system/uploads/attachment_data/file/194153/JANUARY_2013__500_GPC.csv,CSV,2013-06-19T00:53:57.669519,,https://raw.githubusercontent.com/okfn/tabular-validator/master/examples/hmt/spend-publishing-schema.json
54a0787e-4e24-430b-bb55-39e495e25cd7,department-for-business-innovation-and-skills,BIS Government Procurement Card spend - transactions over £500 / BIS GPC spend over £500 - February 2013,https://www.gov.uk/government/uploads/system/uploads/attachment_data/file/198723/BIS_government_procurement_card_spend_over__500_for_February_2013.csv,CSV,2013-06-19T00:53:57.626255,,https://raw.githubusercontent.com/okfn/tabular-validator/master/examples/hmt/spend-publishing-schema.json
1d178e6e-8683-427b-b3ad-05b983118809,department-for-business-innovation-and-skills,BIS Government Procurement Card spend - transactions over £500 / BIS GPC spend over £500 - August 2013,https://www.gov.uk/government/uploads/system/uploads/attachment_data/file/268577/bis-government-procurement-card-spend-over-500-august-2013.csv,CSV,,,https://raw.githubusercontent.com/okfn/tabular-validator/master/examples/hmt/spend-publishing-schema.json
31552ddb-68fd-430f-9b03-9caeee6a9c21,department-for-business-innovation-and-skills,BIS Government Procurement Card spend - transactions over £500 / BIS GPC spend over £500 - September 2013,https://www.gov.uk/government/uploads/system/uploads/attachment_data/file/308059/GPC_September_2013.csv,CSV,,,https://raw.githubusercontent.com/okfn/tabular-validator/master/examples/hmt/spend-publishing-schema.json
e6e93dfb-a498-483a-a45d-12213ae1e0ba,department-for-business-innovation-and-skills,BIS Government Procurement Card spend - transactions over £500 / BIS GPC spend over £500 - October 2013,https://www.gov.uk/government/uploads/system/uploads/attachment_data/file/308060/GPC_October_2013.csv,CSV,,,https://raw.githubusercontent.com/okfn/tabular-validator/master/examples/hmt/spend-publishing-schema.json
9875792c-5e29-4375-9630-4b369cf75641,department-for-business-innovation-and-skills,BIS Government Procurement Card spend - transactions over £500 / BIS GPC spend over £500 - November 2013,https://www.gov.uk/government/uploads/system/uploads/attachment_data/file/308061/GPC_November_2013.csv,CSV,,,https://raw.githubusercontent.com/okfn/tabular-validator/master/examples/hmt/spend-publishing-schema.json
ff4a7df0-cf48-4e7b-ab87-5cd36b5d0aa9,department-for-business-innovation-and-skills,BIS Government Procurement Card spend - transactions over £500 / BIS GPC spend over £500 - December 2013,https://www.gov.uk/government/uploads/system/uploads/attachment_data/file/308064/GPC_December_2013.csv,CSV,,,https://raw.githubusercontent.com/okfn/tabular-validator/master/examples/hmt/spend-publishing-schema.json
2cab8c19-0c6e-41fb-a13f-c09d28679679,department-for-business-innovation-and-skills,BIS Government Procurement Card spend - transactions over £500 / BIS GPC spend over £500 - January 2014,https://www.gov.uk/government/uploads/system/uploads/attachment_data/file/321708/GPC_JANUARY_2014.csv,CSV,,,https://raw.githubusercontent.com/okfn/tabular-validator/master/examples/hmt/spend-publishing-schema.json
2094a2d3-bf18-455f-8f22-243848e9606b,department-for-business-innovation-and-skills,BIS Government Procurement Card spend - transactions over £500 / BIS GPC spend over £500 - February 2014,https://www.gov.uk/government/uploads/system/uploads/attachment_data/file/328473/February_2014__500_GPC.csv,CSV,,,https://raw.githubusercontent.com/okfn/tabular-validator/master/examples/hmt/spend-publishing-schema.json
bc95377a-02a5-495f-9dcd-7a6d633f4447,department-for-business-innovation-and-skills,BIS Government Procurement Card spend - transactions over £500 / BIS GPC spend over £500 - March 2014,https://www.gov.uk/government/uploads/system/uploads/attachment_data/file/328597/March_2014__500_GPC.csv,CSV,,,https://raw.githubusercontent.com/okfn/tabular-validator/master/examples/hmt/spend-publishing-schema.json
e3399be2-db91-4110-a23b-d9c3912f99b8,department-for-business-innovation-and-skills,BIS Government Procurement Card spend - transactions over £500 / BIS GPC spend over £500 - April 2014,https://www.gov.uk/government/uploads/system/uploads/attachment_data/file/350449/GPC-APRIL-2014-over-500.csv,CSV,,,https://raw.githubusercontent.com/okfn/tabular-validator/master/examples/hmt/spend-publishing-schema.json
f5403d20-c517-4571-bb14-6736704947e0,department-for-business-innovation-and-skills,BIS Government Procurement Card spend - transactions over £500 / BIS GPC spend over £500 - May 2014,https://www.gov.uk/government/uploads/system/uploads/attachment_data/file/353925/GPC-MAY-2014-_500.csv,CSV,,,https://raw.githubusercontent.com/okfn/tabular-validator/master/examples/hmt/spend-publishing-schema.json
06d84199-fd35-4aef-84d0-c9be89d9439f,department-for-business-innovation-and-skills,BIS Government Procurement Card spend - transactions over £500 / BIS GPC spend over £500 - June 2014,https://www.gov.uk/government/uploads/system/uploads/attachment_data/file/380477/gpc-june-2014.csv,CSV,,,https://raw.githubusercontent.com/okfn/tabular-validator/master/examples/hmt/spend-publishing-schema.json
ad2b1608-1cc5-43e9-85a5-a2edaa9922a0,department-for-business-innovation-and-skills,BIS Government Procurement Card spend - transactions over £500 / BIS GPC spend over £500 - July 2014,https://www.gov.uk/government/uploads/system/uploads/attachment_data/file/380489/gpc-july-2014.csv,CSV,,,https://raw.githubusercontent.com/okfn/tabular-validator/master/examples/hmt/spend-publishing-schema.json
160a3687-d2d0-4941-9971-16d64e68bec9,department-for-business-innovation-and-skills,BIS Government Procurement Card spend - transactions over £500 / BIS GPC spend over £500 - August 2014,https://www.gov.uk/government/uploads/system/uploads/attachment_data/file/393544/BIS_government_procurement_card_spending_over__500_for_August_2014.csv,CSV,,,https://raw.githubusercontent.com/okfn/tabular-validator/master/examples/hmt/spend-publishing-schema.json
840f142e-fb8a-4177-bf1f-87f6e6c857bf,department-for-business-innovation-and-skills,BIS Government Procurement Card spend - transactions over £500 / BIS GPC spend over £500 - September 2014,https://www.gov.uk/government/uploads/system/uploads/attachment_data/file/405502/BIS_spending_over__500_on_a_GPC_for_September_2014.csv,CSV,,,https://raw.githubusercontent.com/okfn/tabular-validator/master/examples/hmt/spend-publishing-schema.json
02b1034c-a0bc-4d00-82b4-807c3ea88184,department-for-business-innovation-and-skills,BIS Government Procurement Card spend - transactions over £500 / BIS GPC spend over £500 - October 2014,https://www.gov.uk/government/uploads/system/uploads/attachment_data/file/405505/BIS_spending_over__500_on_a_GPC_for_October_2014.csv,CSV,,,https://raw.githubusercontent.com/okfn/tabular-validator/master/examples/hmt/spend-publishing-schema.json
4218683e-ecfd-4896-b7d6-ede956767434,department-for-business-innovation-and-skills,BIS Government Procurement Card spend - transactions over £500 / BIS GPC spend over £500 - November 2014,https://www.gov.uk/government/uploads/system/uploads/attachment_data/file/426603/BIS_spending_over__500_on_a_GPC_for_November_2014.csv,CSV,,,https://raw.githubusercontent.com/okfn/tabular-validator/master/examples/hmt/spend-publishing-schema.json
78af61d5-cab5-49e8-93d7-537b03b5bc20,department-for-business-innovation-and-skills,BIS Government Procurement Card spend - transactions over £500 / BIS GPC spend over £500 - December 2014,https://www.gov.uk/government/uploads/system/uploads/attachment_data/file/426607/BIS_spending_over__500_on_a_GPC_for_December_2014.csv,CSV,,,https://raw.githubusercontent.com/okfn/tabular-validator/master/examples/hmt/spend-publishing-schema.json
74c24a27-efcc-44e0-8e57-e51e840ca4a1,department-for-business-innovation-and-skills,UKTI Government Procurement Card spend - transactions over £500 / UKTI GPC spend over £500 - Quarter 1: April - June 2011,http://webarchive.nationalarchives.gov.uk/+/http://www.bis.gov.uk/assets/biscore/data/ukti-gpc-spend-apr-jun-2011.csv,CSV,2013-06-19T07:07:32.669655,,https://raw.githubusercontent.com/okfn/tabular-validator/master/examples/hmt/spend-publishing-schema.json
7f26d0b4-3d6c-493b-9646-dee91aad8662,department-for-business-innovation-and-skills,UKTI Government Procurement Card spend - transactions over £500 / UKTI GPC spend over £500 - Quarter 2: July - September 2011,http://webarchive.nationalarchives.gov.uk/+/http://www.bis.gov.uk/assets/biscore/data/ukti-gpc-spend-jul-sep-2011.csv,CSV,2013-06-19T07:07:31.447551,,https://raw.githubusercontent.com/okfn/tabular-validator/master/examples/hmt/spend-publishing-schema.json
d4276d66-adfd-4f57-bb2d-9b16072cd24f,department-for-business-innovation-and-skills,UKTI Government Procurement Card spend - transactions over £500 / UKTI GPC spend over £500 - Quarter 3: October - December 2011,http://webarchive.nationalarchives.gov.uk/+/http://www.bis.gov.uk/assets/biscore/data/ukti-gpc-spend-oct-dec-2011.csv,CSV,2013-06-19T07:07:31.747934,,https://raw.githubusercontent.com/okfn/tabular-validator/master/examples/hmt/spend-publishing-schema.json
426d13cc-24ef-4c80-9ebb-93bdd2955708,department-for-business-innovation-and-skills,UKTI Government Procurement Card spend - transactions over £500 / UKTI GPC spend over £500 - Quarter 4: January - March 2012,http://webarchive.nationalarchives.gov.uk/+/http://www.bis.gov.uk/assets/biscore/data/ukti-gpc-spend-jan-mar-2012.csv,CSV,2013-06-19T07:07:31.515142,,https://raw.githubusercontent.com/okfn/tabular-validator/master/examples/hmt/spend-publishing-schema.json
ad5e242d-7151-419a-a75f-dc6033720437,cabinet-office,Ministers travel / Overseas visits made by all ministers costing in excess of £500 in 2009-10,https://www.gov.uk/government/uploads/system/uploads/attachment_data/file/60502/overseas-travel-2009-10.csv,CSV,2013-06-19T04:26:51.369038,,https://raw.githubusercontent.com/okfn/tabular-validator/master/examples/hmt/spend-publishing-schema.json
f96696ce-bd90-41b9-b94c-9a2906b2cc51,department-for-business-innovation-and-skills,"Grant for business investment: offers of £75,000 or more / Table 2 Jan-Mar 2010",http://webarchive.nationalarchives.gov.uk/+/http://www.bis.gov.uk/assets/biscore/regional/docs/g/10-p76a-data-2-gbi-table-2-jan-march-2010.csv,CSV,2013-06-19T03:26:00.400890,,https://raw.githubusercontent.com/okfn/tabular-validator/master/examples/hmt/spend-publishing-schema.json
8564626d-9f7b-45a6-98fb-0324d41d40d7,department-for-business-innovation-and-skills,"Grant for business investment: offers of £75,000 or more / Table 2 Apr-Jun 2010",http://webarchive.nationalarchives.gov.uk/+/http://www.bis.gov.uk/assets/biscore/regional/docs/g/10-p76b-data-2-gbi-table-2-april-june-2010.csv,CSV,2013-06-19T03:26:01.191111,,https://raw.githubusercontent.com/okfn/tabular-validator/master/examples/hmt/spend-publishing-schema.json
e3ebafff-7191-4ac2-989b-30f65e2a9638,department-for-business-innovation-and-skills,"Grant for business investment: offers of £75,000 or more / Table 2 Jul-Sep 2010",http://webarchive.nationalarchives.gov.uk/+/http://www.bis.gov.uk/assets/biscore/regional/docs/g/10-p76c-data-2-gbi-table-2-july-sept-2010.csv,CSV,2013-06-19T03:26:02.186650,,https://raw.githubusercontent.com/okfn/tabular-validator/master/examples/hmt/spend-publishing-schema.json
e69bb584-654f-4341-a0a7-711753f9b362,department-for-business-innovation-and-skills,"Grant for business investment: offers of £75,000 or more / Table 2 Oct-Dec 2010",http://webarchive.nationalarchives.gov.uk/+/http://www.bis.gov.uk/assets/biscore/economic-development/docs/g/10-p76d-data-2-gbi-table-2-oct-dec-2010.csv,CSV,2013-06-19T03:26:02.537357,,https://raw.githubusercontent.com/okfn/tabular-validator/master/examples/hmt/spend-publishing-schema.json
5501f192-46bf-4aae-b0db-0d74ae352c80,department-for-business-innovation-and-skills,"Grant for business investment: offers of £75,000 or more / Table 2 Jan-Mar 2011",http://webarchive.nationalarchives.gov.uk/+/http://www.bis.gov.uk/assets/biscore/economic-development/docs/g/11-p76a-data-2-gbi-table-2-jan-mar-2011.csv,CSV,2013-06-19T03:26:02.523737,,https://raw.githubusercontent.com/okfn/tabular-validator/master/examples/hmt/spend-publishing-schema.json
5268308f-f68b-41a8-8a6f-cd53a482c233,cabinet-office,Ministers' overseas travel / Overseas visits made by all ministers costing in excess of £500 in 2009-10 in CSV,https://www.gov.uk/government/uploads/system/uploads/attachment_data/file/60502/overseas-travel-2009-10.csv,CSV,2013-06-19T04:26:51.432942,,https://raw.githubusercontent.com/okfn/tabular-validator/master/examples/hmt/spend-publishing-schema.json
